"edad","genero","educacion","ingreso_mensual","usa_tarjeta_credito","visitas_web","compras_previas","respondio_campaña"
NA,"Femenino","Universitaria",1544.73,"No",5,3,"No"
54,"Masculino","Universitaria",3161.51,"Sí",5,1,"Sí"
18,"Femenino","Postgrado",3495.19,"Sí",3,2,"No"
42,"Femenino","Universitaria",1212.36,"Sí",9,1,"No"
27,"Masculino","Postgrado",2575.01,"Sí",6,0,"Sí"
53,"Femenino","Secundaria",2103.48,"Sí",6,1,"No"
35,"Femenino","Universitaria",2561.31,"Sí",6,3,"Sí"
66,"Masculino","Secundaria",2421.36,"No",3,1,"No"
64,"Masculino","Secundaria",1983.59,"No",4,4,"No"
NA,"Femenino","Universitaria",2350.6,"Sí",3,1,"No"
24,"Masculino","Secundaria",1031.58,"No",4,2,"No"
53,"Masculino","Universitaria",876.46,"Sí",8,1,"No"
42,"Femenino","Postgrado",2576.6,"No",4,2,"No"
54,"Femenino","Universitaria",2068.83,"Sí",6,1,"No"
63,"Femenino","Secundaria",1894.71,"Sí",6,4,"Sí"
37,"Masculino","Secundaria",659.16,"No",4,2,"No"
43,"Masculino","Universitaria",1544.4,"Sí",5,2,"No"
67,"Femenino","Postgrado",2153.76,"Sí",3,4,"No"
64,"Masculino","Secundaria",1610.94,"Sí",2,6,"No"
20,"Femenino","Secundaria",2065.03,"Sí",1,0,"No"
58,"Femenino","Universitaria",2307.92,"No",6,2,"No"
42,"Masculino","Postgrado",1890,"Sí",6,2,"No"
44,"Femenino","Secundaria",2342.07,"Sí",4,0,"No"
53,"Femenino","Secundaria",1805.55,"Sí",6,2,"No"
54,"Femenino","Postgrado",1745.32,"Sí",7,3,"Sí"
48,"Femenino","Postgrado",1796.71,"No",9,2,"No"
62,"Masculino","Universitaria",2511.11,"No",2,2,"No"
22,"Femenino","Universitaria",2656.85,"Sí",9,1,"Sí"
37,"Femenino","Postgrado",3868.38,"No",1,1,"No"
51,"Masculino","Universitaria",1213.35,"Sí",2,0,"No"
45,"Femenino","Postgrado",1434.03,"Sí",4,0,"No"
57,"Masculino","Universitaria",2515.32,"No",4,2,"No"
20,"Masculino","Universitaria",3310.13,"Sí",3,3,"Sí"
50,"Femenino","Universitaria",2981.32,"Sí",3,1,"No"
59,"Femenino","Secundaria",1625.84,"Sí",6,3,"Sí"
41,"Masculino","Secundaria",1457.42,"Sí",5,3,"No"
47,"Femenino","Universitaria",3357.12,"No",1,2,"No"
60,"Femenino","Universitaria",3234.28,"No",8,0,"No"
32,"Masculino","Universitaria",2171.62,"Sí",3,4,"Sí"
39,"Femenino","Postgrado",3360.55,"Sí",4,3,"Sí"
25,"Masculino","Secundaria",1993.61,"Sí",5,1,"No"
53,"Masculino","Secundaria",1345.68,"Sí",6,1,"No"
21,"Masculino","Universitaria",1959.51,"No",3,2,"No"
39,"Masculino","Secundaria",2063.94,"Sí",12,6,"No"
35,"Femenino","Secundaria",752.34,"No",4,1,"No"
62,"Masculino","Secundaria",1862.8,"No",3,1,"No"
45,"Femenino","Secundaria",1665.11,"No",2,3,"No"
22,"Femenino","Postgrado",2393.03,"Sí",5,4,"No"
21,"Masculino","Secundaria",1575.02,"Sí",3,2,"No"
NA,"Femenino","Secundaria",2385.78,"No",2,3,"No"
67,"Femenino","Secundaria",2429.03,"Sí",3,2,"No"
52,"Masculino","Secundaria",1776.54,"Sí",2,1,"No"
41,"Femenino","Postgrado",1965.19,"Sí",2,0,"No"
40,"Masculino","Universitaria",3905.21,"Sí",3,2,"No"
NA,"Femenino","Universitaria",3238.42,"No",6,2,"No"
43,"Masculino","Postgrado",3243.81,"Sí",9,1,"No"
67,"Femenino","Universitaria",2046.49,"Sí",4,4,"No"
23,"Masculino","Universitaria",1328.18,"No",3,2,"No"
23,"Femenino","Secundaria",2456.9,"Sí",4,0,"No"
19,"Masculino","Universitaria",2052.84,"No",8,2,"No"
69,"Masculino","Secundaria",4867.73,"No",7,1,"No"
20,"Masculino","Secundaria",500,"Sí",6,1,"No"
38,"Femenino","Secundaria",1837.73,"No",6,3,"Sí"
19,"Femenino","Secundaria",3186.97,"Sí",6,3,"Sí"
55,"Femenino","Secundaria",500,"Sí",3,1,"No"
27,"Masculino","Secundaria",1792.28,"No",5,4,"No"
57,"Femenino","Universitaria",2267.25,"Sí",7,1,"No"
22,"Masculino","Secundaria",1824.29,"Sí",5,4,"No"
NA,"Femenino","Postgrado",1254.58,"Sí",4,1,"No"
66,"Femenino","Secundaria",1902.21,"Sí",6,1,"No"
56,"Masculino","Secundaria",3070.82,"Sí",4,1,"No"
NA,"Masculino","Postgrado",921.34,"Sí",6,2,"No"
62,"Masculino","Postgrado",3131.87,"Sí",5,2,"No"
59,"Masculino","Postgrado",2731.24,"Sí",2,1,"No"
26,"Masculino","Universitaria",1010.65,"No",5,5,"No"
46,"Masculino","Secundaria",799.39,"No",5,2,"No"
29,"Masculino","Universitaria",2027.63,"Sí",5,3,"Sí"
37,"Femenino","Secundaria",2229.04,"No",7,2,"No"
26,"Femenino","Universitaria",2948.97,"Sí",4,1,"Sí"
60,"Masculino","Universitaria",1969.96,"Sí",5,1,"No"
52,"Femenino","Universitaria",2336.3,"No",6,1,"No"
46,"Femenino","Postgrado",3031.4,"No",5,2,"No"
33,"Masculino","Postgrado",2936.55,"Sí",7,1,"No"
54,"Femenino","Universitaria",2660.87,"No",4,3,"Sí"
45,"Femenino","Universitaria",2259.13,"No",4,1,"No"
63,"Femenino","Secundaria",2304.76,"No",9,2,"No"
NA,"Masculino","Secundaria",2962.1,"Sí",8,1,"Sí"
45,"Masculino","Postgrado",2881.76,"Sí",1,1,"No"
19,"Masculino","Postgrado",1950.79,"No",3,4,"No"
35,"Femenino","Secundaria",2291.67,"No",3,3,"No"
41,"Femenino","Secundaria",3354.04,"Sí",10,3,"Sí"
66,"Femenino","Secundaria",3177.09,"Sí",8,2,"Sí"
35,"Masculino","Secundaria",1218.2,"Sí",7,0,"No"
22,"Femenino","Postgrado",3158.56,"No",3,2,"No"
63,"Femenino","Postgrado",1931.32,"No",4,3,"No"
57,"Masculino","Postgrado",740.98,"No",7,3,"No"
57,"Masculino","Secundaria",3033.98,"No",1,4,"No"
38,"Femenino","Postgrado",2067.57,"Sí",10,1,"No"
53,"Femenino","Postgrado",2773.64,"Sí",4,2,"No"
53,"Masculino","Postgrado",3551.29,"Sí",3,1,"No"
56,"Masculino","Secundaria",2863.9,"Sí",4,4,"No"
NA,"Femenino","Universitaria",1717.13,"Sí",5,1,"No"
35,"Masculino","Universitaria",1892.06,"Sí",8,2,"No"
44,"Masculino","Secundaria",1210.29,"Sí",9,1,"No"
30,"Femenino","Universitaria",1342.63,"No",6,3,"No"
36,"Masculino","Postgrado",2391.62,"No",5,3,"No"
49,"Femenino","Secundaria",1760.58,"Sí",1,1,"No"
33,"Masculino","Postgrado",2526.6,"Sí",7,1,"No"
46,"Masculino","Universitaria",2665.93,"Sí",5,4,"Sí"
34,"Femenino","Postgrado",2290.77,"No",1,2,"No"
61,"Masculino","Secundaria",1681.08,"Sí",3,2,"No"
26,"Femenino","Postgrado",801.66,"Sí",11,1,"No"
NA,"Femenino","Postgrado",2091.7,"No",2,1,"No"
60,"Masculino","Secundaria",1169.75,"Sí",1,1,"No"
65,"Masculino","Secundaria",2516.78,"No",7,3,"Sí"
25,"Femenino","Postgrado",2618.28,"Sí",4,3,"Sí"
46,"Femenino","Universitaria",2252.81,"Sí",6,2,"No"
55,"Masculino","Universitaria",1169.51,"No",2,1,"No"
18,"Masculino","Universitaria",1395.89,"Sí",4,1,"No"
30,"Femenino","Universitaria",1606.8,"No",6,1,"No"
31,"Masculino","Universitaria",2117.78,"No",8,3,"No"
NA,"Masculino","Universitaria",3885.2,"Sí",8,1,"Sí"
26,"Masculino","Universitaria",1263.46,"Sí",4,2,"No"
33,"Masculino","Universitaria",500,"Sí",9,2,"No"
43,"Femenino","Secundaria",1903.68,"Sí",2,1,"No"
60,"Femenino","Secundaria",1328.6,"No",3,0,"No"
59,"Femenino","Secundaria",500,"No",7,1,"No"
59,"Femenino","Postgrado",1300.55,"Sí",10,2,"No"
NA,"Femenino","Secundaria",1701.14,"Sí",3,0,"No"
NA,"Femenino","Universitaria",1118.24,"Sí",6,0,"No"
42,"Masculino","Secundaria",2572.53,"No",5,4,"Sí"
68,"Masculino","Secundaria",2726.11,"Sí",3,1,"No"
49,"Masculino","Universitaria",1740.16,"No",3,1,"No"
34,"Femenino","Postgrado",814.73,"No",7,0,"No"
NA,"Femenino","Secundaria",2475.34,"No",2,1,"No"
31,"Masculino","Universitaria",1316.1,"Sí",8,5,"No"
64,"Femenino","Secundaria",1336.07,"Sí",6,2,"No"
23,"Femenino","Postgrado",2119.29,"Sí",2,3,"Sí"
64,"Masculino","Secundaria",1219.08,"No",3,1,"No"
60,"Masculino","Universitaria",1764.25,"No",2,2,"No"
54,"Femenino","Postgrado",1383.22,"No",4,0,"No"
33,"Masculino","Postgrado",2313.83,"No",5,3,"No"
66,"Femenino","Universitaria",1322.96,"No",7,2,"No"
66,"Femenino","Secundaria",1324.99,"Sí",6,4,"Sí"
67,"Femenino","Postgrado",1230.49,"Sí",0,3,"No"
48,"Masculino","Secundaria",2008.84,"No",4,0,"No"
51,"Masculino","Secundaria",2971.96,"Sí",3,1,"No"
47,"Masculino","Secundaria",1288.9,"No",3,1,"No"
49,"Masculino","Universitaria",2174.48,"Sí",9,1,"No"
23,"Masculino","Universitaria",1475.11,"Sí",8,3,"Sí"
39,"Femenino","Universitaria",1129.19,"Sí",5,1,"No"
55,"Femenino","Universitaria",2872.9,"No",9,1,"No"
NA,"Masculino","Universitaria",1544.62,"Sí",2,5,"Sí"
23,"Masculino","Universitaria",3296.65,"Sí",4,2,"Sí"
37,"Masculino","Universitaria",1450.41,"No",5,1,"No"
32,"Femenino","Postgrado",2525.6,"Sí",7,2,"No"
NA,"Femenino","Universitaria",2888.55,"No",5,2,"No"
NA,"Masculino","Secundaria",3712.58,"Sí",4,2,"No"
40,"Masculino","Universitaria",1335.22,"No",3,2,"No"
29,"Femenino","Secundaria",2061.12,"No",4,5,"No"
43,"Femenino","Universitaria",2748.66,"Sí",3,2,"No"
NA,"Femenino","Universitaria",1598.67,"Sí",6,2,"No"
18,"Masculino","Universitaria",2475.88,"No",5,6,"No"
19,"Masculino","Secundaria",1655.48,"No",5,2,"No"
41,"Masculino","Universitaria",1093.33,"No",7,2,"No"
51,"Masculino","Universitaria",500,"No",5,3,"No"
42,"Femenino","Secundaria",2411.71,"Sí",3,1,"No"
45,"Masculino","Postgrado",1726.47,"Sí",2,2,"No"
60,"Masculino","Secundaria",3374.3,"Sí",7,2,"Sí"
31,"Femenino","Secundaria",1106.9,"No",5,0,"No"
51,"Femenino","Secundaria",1609.22,"No",1,4,"No"
19,"Masculino","Postgrado",2645.87,"Sí",3,2,"Sí"
48,"Masculino","Secundaria",1791.19,"No",10,1,"No"
49,"Masculino","Secundaria",2390.45,"No",3,0,"No"
44,"Femenino","Secundaria",3082.23,"No",7,5,"Sí"
27,"Masculino","Secundaria",3741.45,"Sí",9,2,"No"
45,"Femenino","Postgrado",2041.11,"No",4,2,"No"
54,"Femenino","Universitaria",1329.52,"No",2,1,"No"
27,"Masculino","Universitaria",1132.31,"No",5,2,"No"
66,"Femenino","Secundaria",1562.77,"No",4,0,"No"
66,"Masculino","Universitaria",1658.79,"Sí",2,3,"No"
22,"Femenino","Secundaria",1031.2,"Sí",1,1,"No"
52,"Femenino","Secundaria",2478.23,"No",3,0,"No"
31,"Masculino","Postgrado",3139.12,"Sí",3,2,"Sí"
31,"Masculino","Secundaria",1645.36,"Sí",6,4,"Sí"
45,"Masculino","Postgrado",1167.73,"No",3,4,"No"
50,"Masculino","Universitaria",980.88,"Sí",1,1,"No"
54,"Masculino","Universitaria",2616.12,"No",7,3,"Sí"
NA,"Masculino","Secundaria",2025.22,"Sí",6,1,"No"
NA,"Masculino","Secundaria",500,"Sí",4,3,"No"
48,"Masculino","Secundaria",1901,"Sí",7,1,"No"
62,"Femenino","Postgrado",2000.26,"Sí",8,2,"No"
60,"Masculino","Secundaria",1324.98,"No",5,2,"No"
69,"Masculino","Universitaria",1022.93,"Sí",9,0,"No"
49,"Femenino","Postgrado",1637.61,"Sí",3,1,"No"
34,"Femenino","Secundaria",1438.14,"Sí",4,2,"No"
44,"Masculino","Postgrado",1460.5,"No",6,0,"No"
47,"Femenino","Secundaria",500,"Sí",5,3,"Sí"
69,"Masculino","Universitaria",1880.53,"No",4,2,"No"
53,"Masculino","Secundaria",2758.95,"No",4,0,"No"
37,"Masculino","Postgrado",2925.09,"Sí",9,3,"Sí"
28,"Masculino","Secundaria",3659.48,"No",7,1,"No"
34,"Femenino","Secundaria",2212.23,"No",6,2,"No"
26,"Femenino","Postgrado",1158.4,"Sí",4,0,"No"
NA,"Masculino","Universitaria",2401.87,"Sí",10,2,"No"
30,"Masculino","Universitaria",2879.88,"No",3,2,"No"
48,"Femenino","Universitaria",3509.2,"Sí",4,3,"Sí"
66,"Masculino","Secundaria",2649,"No",4,2,"No"
69,"Femenino","Postgrado",3134.6,"Sí",8,1,"No"
18,"Masculino","Secundaria",2351.34,"No",6,3,"No"
34,"Masculino","Secundaria",978,"Sí",7,5,"Sí"
50,"Masculino","Universitaria",1310.9,"Sí",2,2,"No"
45,"Femenino","Postgrado",3509.59,"No",6,1,"No"
19,"Masculino","Postgrado",2563.27,"No",6,3,"No"
48,"Masculino","Secundaria",1465.82,"Sí",9,2,"No"
25,"Femenino","Universitaria",1435.43,"No",7,1,"No"
33,"Femenino","Secundaria",1263.43,"Sí",8,5,"Sí"
NA,"Femenino","Postgrado",2118.78,"No",4,2,"No"
54,"Masculino","Postgrado",1799.99,"No",7,2,"No"
30,"Masculino","Secundaria",1246.58,"Sí",4,0,"No"
29,"Femenino","Universitaria",2971.36,"Sí",8,2,"Sí"
18,"Masculino","Universitaria",2014.85,"No",2,0,"No"
NA,"Masculino","Secundaria",2606.27,"Sí",3,0,"No"
68,"Femenino","Postgrado",1695.95,"Sí",4,1,"No"
48,"Masculino","Secundaria",2139.96,"Sí",6,0,"No"
NA,"Masculino","Secundaria",2826.82,"Sí",7,2,"No"
64,"Masculino","Secundaria",2540.58,"No",8,1,"No"
23,"Femenino","Postgrado",2753.02,"Sí",5,4,"Sí"
33,"Masculino","Secundaria",538.7,"Sí",1,1,"No"
27,"Femenino","Universitaria",2141.76,"No",5,1,"No"
24,"Femenino","Universitaria",1846.55,"Sí",8,5,"No"
26,"Femenino","Universitaria",1479.84,"No",2,1,"No"
58,"Masculino","Postgrado",1551.44,"No",3,1,"No"
42,"Femenino","Secundaria",3340.61,"No",7,1,"No"
20,"Masculino","Universitaria",2344.43,"No",2,0,"No"
NA,"Femenino","Universitaria",1884.31,"Sí",5,3,"Sí"
64,"Femenino","Universitaria",2751.22,"Sí",5,3,"Sí"
45,"Femenino","Secundaria",1563.6,"No",5,3,"No"
32,"Masculino","Secundaria",2111.08,"Sí",2,2,"No"
46,"Femenino","Secundaria",3157.49,"Sí",3,1,"No"
37,"Masculino","Secundaria",1733.9,"Sí",3,2,"No"
42,"Femenino","Universitaria",1360.67,"Sí",2,1,"No"
33,"Masculino","Secundaria",1561.37,"Sí",7,4,"No"
41,"Femenino","Secundaria",1159.36,"Sí",1,3,"Sí"
50,"Masculino","Secundaria",2202.13,"Sí",5,3,"No"
NA,"Femenino","Secundaria",2262.29,"Sí",4,2,"No"
60,"Femenino","Universitaria",2684.54,"No",8,4,"Sí"
58,"Femenino","Secundaria",3441.41,"No",3,5,"No"
NA,"Masculino","Secundaria",3124.19,"Sí",5,1,"No"
NA,"Masculino","Secundaria",999.37,"No",5,1,"No"
37,"Femenino","Secundaria",3599.29,"No",2,2,"No"
NA,"Masculino","Secundaria",2111.42,"Sí",4,1,"No"
54,"Femenino","Postgrado",1690.66,"No",3,2,"No"
60,"Masculino","Universitaria",3484.51,"Sí",7,1,"Sí"
32,"Femenino","Secundaria",2343.08,"Sí",5,1,"No"
38,"Masculino","Secundaria",3384.63,"Sí",5,1,"No"
51,"Masculino","Postgrado",1965.18,"Sí",4,0,"No"
42,"Masculino","Secundaria",1415.13,"Sí",6,5,"Sí"
55,"Masculino","Universitaria",500,"Sí",7,2,"No"
18,"Masculino","Postgrado",2901.49,"No",1,1,"No"
31,"Femenino","Secundaria",1289.53,"Sí",5,2,"No"
65,"Femenino","Universitaria",2697.09,"Sí",5,0,"No"
66,"Masculino","Secundaria",2095.91,"No",3,2,"No"
28,"Masculino","Universitaria",2377.95,"No",6,0,"No"
45,"Masculino","Universitaria",3013.31,"Sí",4,4,"Sí"
35,"Femenino","Secundaria",1611.75,"Sí",6,4,"Sí"
51,"Masculino","Secundaria",1630.77,"Sí",7,1,"No"
59,"Femenino","Postgrado",1814.59,"Sí",5,1,"No"
53,"Masculino","Universitaria",2848.28,"Sí",3,5,"Sí"
37,"Masculino","Universitaria",1620.17,"Sí",1,1,"No"
NA,"Masculino","Secundaria",1859.59,"Sí",2,1,"No"
24,"Masculino","Universitaria",2637.06,"No",4,3,"No"
66,"Masculino","Universitaria",2623,"Sí",6,3,"Sí"
44,"Masculino","Secundaria",2637.44,"No",1,1,"No"
47,"Masculino","Universitaria",2039.24,"No",5,0,"No"
22,"Masculino","Universitaria",2610.09,"Sí",3,4,"Sí"
39,"Femenino","Postgrado",2228.79,"Sí",3,2,"No"
37,"Masculino","Secundaria",1493.75,"No",5,2,"No"
67,"Femenino","Postgrado",3443.51,"No",5,1,"No"
58,"Femenino","Postgrado",509.59,"No",7,4,"No"
28,"Femenino","Postgrado",2676.42,"Sí",5,1,"No"
45,"Femenino","Universitaria",2273.33,"Sí",6,2,"No"
55,"Femenino","Universitaria",2018.22,"Sí",3,0,"No"
59,"Femenino","Universitaria",1510.88,"Sí",3,0,"No"
26,"Femenino","Secundaria",1791.58,"Sí",6,2,"No"
40,"Masculino","Secundaria",3444.54,"No",6,2,"Sí"
43,"Femenino","Universitaria",1922.4,"No",3,3,"No"
68,"Femenino","Postgrado",1692.41,"No",8,0,"No"
58,"Femenino","Universitaria",1297.31,"No",4,2,"No"
28,"Femenino","Secundaria",1603.54,"Sí",3,1,"No"
36,"Femenino","Postgrado",1932.57,"No",7,1,"No"
45,"Femenino","Secundaria",913.82,"Sí",4,0,"No"
38,"Femenino","Universitaria",2914.16,"No",4,1,"No"
NA,"Masculino","Secundaria",2078.26,"Sí",5,3,"Sí"
59,"Femenino","Universitaria",3172.02,"Sí",2,3,"Sí"
NA,"Femenino","Postgrado",2792.35,"No",4,5,"No"
42,"Masculino","Secundaria",3131.51,"Sí",4,3,"Sí"
66,"Femenino","Postgrado",931.28,"Sí",4,2,"No"
47,"Femenino","Postgrado",2463.67,"No",2,0,"No"
NA,"Femenino","Universitaria",1710.54,"No",7,2,"No"
61,"Masculino","Universitaria",1962.52,"Sí",4,1,"No"
38,"Femenino","Universitaria",1520.42,"Sí",8,2,"No"
23,"Femenino","Universitaria",2172.08,"No",3,3,"No"
64,"Femenino","Secundaria",2074.91,"No",4,4,"No"
58,"Femenino","Secundaria",500,"Sí",13,4,"Sí"
27,"Masculino","Universitaria",2681.95,"Sí",8,0,"No"
NA,"Masculino","Postgrado",2123.5,"Sí",6,3,"Sí"
67,"Masculino","Universitaria",1222.51,"No",2,0,"No"
24,"Femenino","Universitaria",1118.86,"No",6,2,"No"
31,"Femenino","Universitaria",1447.8,"No",3,2,"No"
29,"Masculino","Postgrado",733.09,"No",5,3,"No"
68,"Femenino","Secundaria",2110.21,"Sí",5,3,"Sí"
NA,"Femenino","Universitaria",3201.88,"No",4,2,"No"
42,"Masculino","Secundaria",2154.31,"Sí",4,0,"No"
54,"Masculino","Universitaria",2421.72,"Sí",0,3,"Sí"
19,"Masculino","Secundaria",813.43,"Sí",5,2,"No"
52,"Femenino","Universitaria",768.64,"Sí",9,3,"Sí"
51,"Masculino","Universitaria",1282.85,"Sí",4,2,"No"
44,"Femenino","Secundaria",2576.86,"Sí",4,4,"Sí"
63,"Masculino","Secundaria",1292.4,"Sí",2,1,"No"
48,"Femenino","Secundaria",2446.88,"No",3,2,"No"
44,"Femenino","Secundaria",1825.01,"No",6,2,"No"
33,"Femenino","Universitaria",2306.9,"No",3,1,"No"
53,"Femenino","Postgrado",1168.7,"Sí",4,1,"No"
NA,"Masculino","Postgrado",1240.81,"Sí",7,3,"Sí"
55,"Masculino","Universitaria",1916.67,"Sí",8,1,"No"
69,"Femenino","Secundaria",1833.03,"Sí",7,1,"No"
38,"Femenino","Universitaria",569.02,"Sí",8,2,"No"
37,"Femenino","Secundaria",2429.67,"No",8,1,"No"
28,"Femenino","Secundaria",500,"Sí",4,1,"No"
50,"Masculino","Universitaria",1667.81,"Sí",5,0,"No"
31,"Masculino","Universitaria",2044.1,"Sí",8,2,"No"
NA,"Femenino","Universitaria",1438.4,"No",5,2,"No"
50,"Femenino","Postgrado",876.93,"Sí",9,3,"Sí"
46,"Femenino","Universitaria",1680.94,"Sí",4,3,"Sí"
53,"Masculino","Postgrado",1911.66,"Sí",1,3,"Sí"
62,"Femenino","Secundaria",1260.74,"No",2,0,"No"
49,"Femenino","Secundaria",914.21,"No",7,2,"No"
55,"Femenino","Secundaria",1044.32,"Sí",5,6,"Sí"
39,"Masculino","Universitaria",1577.21,"Sí",2,4,"Sí"
61,"Masculino","Postgrado",1637.9,"No",4,1,"No"
24,"Femenino","Secundaria",3135.59,"No",6,0,"No"
NA,"Masculino","Secundaria",971.46,"Sí",4,0,"No"
22,"Masculino","Secundaria",2304.92,"Sí",4,2,"No"
NA,"Masculino","Secundaria",1666.03,"No",7,1,"No"
49,"Femenino","Secundaria",2074.29,"No",4,4,"No"
35,"Femenino","Secundaria",1469.13,"Sí",8,2,"No"
56,"Masculino","Universitaria",2642.26,"No",7,2,"Sí"
30,"Masculino","Universitaria",637.53,"Sí",11,1,"No"
47,"Masculino","Secundaria",2123.13,"No",5,1,"No"
19,"Masculino","Secundaria",2020.86,"Sí",6,3,"Sí"
45,"Masculino","Secundaria",2844.69,"Sí",2,2,"No"
20,"Femenino","Secundaria",1820.43,"Sí",5,1,"No"
50,"Femenino","Secundaria",2397.28,"No",8,1,"No"
NA,"Femenino","Universitaria",2319.71,"Sí",3,3,"No"
46,"Masculino","Universitaria",1482.47,"Sí",2,0,"No"
37,"Masculino","Secundaria",1932.99,"No",5,2,"No"
60,"Masculino","Universitaria",1893.1,"Sí",8,0,"No"
26,"Femenino","Postgrado",2895.68,"No",9,5,"Sí"
NA,"Femenino","Postgrado",2191.38,"Sí",6,5,"Sí"
24,"Masculino","Universitaria",2232.48,"Sí",4,2,"No"
68,"Masculino","Secundaria",3874.88,"No",6,4,"Sí"
45,"Masculino","Postgrado",2333.04,"Sí",9,2,"No"
35,"Femenino","Universitaria",2289.98,"Sí",0,2,"No"
42,"Masculino","Secundaria",2425.35,"Sí",4,2,"No"
61,"Femenino","Universitaria",3238.43,"Sí",2,0,"No"
27,"Masculino","Postgrado",2769.19,"No",5,3,"Sí"
26,"Masculino","Postgrado",2270.75,"No",1,0,"No"
36,"Femenino","Universitaria",1511.24,"No",11,1,"No"
32,"Femenino","Secundaria",2285.64,"No",1,0,"No"
NA,"Femenino","Secundaria",2113.21,"Sí",5,1,"No"
NA,"Femenino","Secundaria",530.97,"No",2,0,"No"
39,"Femenino","Secundaria",767.18,"Sí",2,3,"Sí"
37,"Femenino","Postgrado",564.49,"No",6,2,"No"
NA,"Femenino","Secundaria",3131.61,"Sí",3,2,"Sí"
51,"Masculino","Postgrado",2494.67,"No",5,0,"No"
40,"Masculino","Secundaria",500,"No",3,0,"No"
34,"Femenino","Secundaria",2373.63,"No",3,0,"No"
NA,"Femenino","Secundaria",2051.07,"Sí",5,1,"No"
36,"Masculino","Universitaria",1794.99,"Sí",7,2,"No"
63,"Femenino","Postgrado",1404.38,"Sí",4,2,"No"
34,"Femenino","Universitaria",984.78,"Sí",3,3,"Sí"
47,"Masculino","Secundaria",2690.1,"No",6,4,"Sí"
27,"Femenino","Universitaria",1538.45,"No",4,1,"No"
NA,"Masculino","Secundaria",1894.19,"Sí",9,2,"No"
62,"Masculino","Postgrado",2469.46,"No",4,5,"No"
67,"Masculino","Universitaria",2428,"Sí",3,2,"No"
68,"Femenino","Universitaria",1685.27,"Sí",2,2,"No"
68,"Femenino","Universitaria",1567.51,"Sí",3,1,"No"
27,"Femenino","Universitaria",2207.56,"No",10,1,"No"
65,"Masculino","Postgrado",1057.38,"Sí",4,1,"No"
51,"Femenino","Secundaria",2244.91,"Sí",9,2,"No"
21,"Femenino","Secundaria",2138.78,"No",7,1,"No"
42,"Femenino","Universitaria",2200.46,"Sí",2,1,"No"
43,"Femenino","Secundaria",1777.66,"Sí",6,2,"No"
56,"Masculino","Postgrado",620.21,"Sí",4,2,"No"
50,"Femenino","Secundaria",500,"No",5,1,"No"
63,"Femenino","Universitaria",966.55,"Sí",1,0,"No"
69,"Femenino","Secundaria",2292.67,"No",9,2,"No"
39,"Femenino","Postgrado",1878.24,"Sí",6,2,"No"
68,"Masculino","Secundaria",1412.72,"Sí",4,1,"No"
61,"Masculino","Secundaria",1374.42,"Sí",5,2,"No"
36,"Masculino","Secundaria",2441.25,"No",9,2,"No"
23,"Masculino","Universitaria",711.33,"Sí",4,5,"Sí"
NA,"Femenino","Universitaria",2598.54,"Sí",2,3,"Sí"
42,"Femenino","Universitaria",2359.44,"Sí",1,1,"No"
47,"Femenino","Postgrado",1303.95,"No",5,3,"No"
59,"Masculino","Universitaria",1921.8,"Sí",3,2,"No"
56,"Masculino","Secundaria",2714.48,"No",7,2,"No"
68,"Femenino","Universitaria",3080.73,"No",8,2,"No"
42,"Femenino","Secundaria",3191.18,"No",8,1,"No"
19,"Masculino","Universitaria",2296.85,"Sí",1,1,"No"
55,"Femenino","Universitaria",1828.42,"Sí",2,3,"No"
NA,"Masculino","Secundaria",2364.4,"No",3,2,"No"
28,"Masculino","Secundaria",1793.51,"Sí",4,2,"No"
23,"Masculino","Universitaria",1197.66,"Sí",5,5,"Sí"
48,"Masculino","Universitaria",2675.31,"Sí",1,1,"No"
22,"Masculino","Universitaria",2555.73,"Sí",8,0,"No"
31,"Masculino","Universitaria",3008.8,"Sí",4,3,"Sí"
59,"Masculino","Postgrado",3333.25,"No",3,3,"Sí"
64,"Femenino","Secundaria",3177.49,"Sí",4,3,"Sí"
18,"Masculino","Postgrado",2631.45,"No",0,1,"No"
58,"Masculino","Postgrado",1970.84,"No",7,1,"No"
27,"Femenino","Postgrado",1926.97,"Sí",12,0,"No"
66,"Masculino","Universitaria",1669.71,"Sí",6,7,"Sí"
29,"Masculino","Secundaria",1375.15,"No",3,1,"No"
39,"Femenino","Secundaria",1687.93,"No",4,0,"No"
18,"Masculino","Universitaria",2491.07,"Sí",8,1,"No"
60,"Masculino","Postgrado",2307.74,"No",8,3,"No"
21,"Femenino","Secundaria",1035.47,"Sí",3,1,"No"
20,"Femenino","Universitaria",2958.28,"No",5,1,"No"
55,"Femenino","Universitaria",3032.91,"Sí",5,3,"Sí"
22,"Masculino","Secundaria",3186.46,"No",8,2,"No"
59,"Masculino","Postgrado",1021.12,"Sí",3,3,"Sí"
37,"Femenino","Universitaria",1669.46,"Sí",6,1,"No"
51,"Femenino","Universitaria",1672.34,"No",5,2,"No"
40,"Femenino","Secundaria",1639.07,"Sí",6,1,"No"
53,"Masculino","Universitaria",1548.24,"Sí",4,3,"No"
37,"Masculino","Universitaria",1551.99,"Sí",7,1,"No"
26,"Masculino","Postgrado",1223.55,"Sí",2,5,"Sí"
44,"Femenino","Postgrado",1549.74,"Sí",4,3,"Sí"
63,"Femenino","Postgrado",1734.37,"Sí",5,2,"No"
NA,"Femenino","Universitaria",2154.92,"Sí",2,2,"No"
20,"Femenino","Secundaria",2484.51,"No",5,3,"No"
48,"Masculino","Postgrado",2766.3,"Sí",7,3,"Sí"
35,"Femenino","Postgrado",1359.35,"No",7,2,"No"
27,"Femenino","Postgrado",2034.04,"No",2,2,"No"
50,"Femenino","Universitaria",3868.56,"Sí",3,2,"No"
57,"Femenino","Universitaria",1630.51,"Sí",3,2,"No"
37,"Femenino","Postgrado",2592.34,"Sí",10,2,"No"
54,"Femenino","Universitaria",1441.32,"Sí",4,2,"No"
23,"Masculino","Universitaria",2852.3,"No",6,1,"No"
46,"Masculino","Secundaria",2436.41,"Sí",6,5,"Sí"
63,"Masculino","Universitaria",1265.43,"Sí",3,0,"No"
21,"Femenino","Universitaria",2820.15,"Sí",6,3,"Sí"
44,"Masculino","Universitaria",2900.59,"Sí",3,0,"No"
26,"Masculino","Universitaria",2706.24,"No",1,2,"No"
57,"Masculino","Secundaria",500,"Sí",7,0,"No"
40,"Femenino","Universitaria",2115.06,"No",5,4,"No"
65,"Masculino","Universitaria",3215.91,"Sí",5,1,"Sí"
43,"Femenino","Universitaria",1862.95,"Sí",1,2,"No"
29,"Masculino","Secundaria",1473.48,"Sí",2,2,"No"
27,"Masculino","Secundaria",1876.56,"Sí",11,2,"Sí"
NA,"Masculino","Secundaria",500,"Sí",1,2,"No"
60,"Masculino","Universitaria",1089.36,"Sí",3,1,"No"
40,"Masculino","Postgrado",1930.2,"Sí",7,2,"No"
44,"Femenino","Secundaria",2668.26,"Sí",9,2,"Sí"
51,"Masculino","Postgrado",2169.69,"Sí",5,2,"No"
NA,"Masculino","Secundaria",2513.08,"Sí",4,3,"Sí"
63,"Masculino","Secundaria",1174.32,"Sí",7,0,"No"
42,"Masculino","Universitaria",3188.62,"No",6,1,"No"
45,"Femenino","Secundaria",2952.38,"Sí",3,3,"Sí"
32,"Femenino","Universitaria",2493.78,"Sí",3,1,"No"
66,"Femenino","Universitaria",1861.65,"Sí",8,3,"Sí"
55,"Masculino","Postgrado",2689.26,"Sí",5,0,"No"
40,"Masculino","Postgrado",1503.93,"No",3,1,"No"
36,"Masculino","Universitaria",1297.43,"No",6,1,"No"
27,"Masculino","Universitaria",500,"Sí",3,2,"No"
30,"Femenino","Universitaria",2154.61,"No",9,4,"No"
55,"Masculino","Secundaria",500,"No",2,3,"No"
18,"Femenino","Universitaria",1980.53,"Sí",4,3,"No"
28,"Masculino","Universitaria",2353.07,"Sí",5,3,"No"
62,"Masculino","Secundaria",2631.66,"Sí",2,1,"No"
43,"Masculino","Universitaria",2817.46,"No",3,0,"No"
27,"Femenino","Universitaria",2492.21,"No",2,0,"No"
62,"Masculino","Postgrado",1312.34,"Sí",7,4,"Sí"
32,"Masculino","Universitaria",2712.6,"Sí",5,0,"No"
34,"Masculino","Secundaria",2050.62,"No",4,2,"No"
64,"Femenino","Secundaria",508.27,"No",5,1,"No"
25,"Masculino","Universitaria",1909.49,"Sí",6,1,"No"
53,"Femenino","Secundaria",573.29,"Sí",4,3,"Sí"
23,"Femenino","Secundaria",1157.21,"No",5,1,"No"
27,"Femenino","Universitaria",1504.52,"No",5,0,"No"
44,"Masculino","Universitaria",1530.45,"No",3,3,"No"
37,"Femenino","Secundaria",2741.58,"Sí",4,2,"No"
42,"Femenino","Secundaria",1947.68,"Sí",2,5,"Sí"
41,"Masculino","Secundaria",1250.31,"Sí",4,5,"Sí"
33,"Femenino","Secundaria",1492.91,"Sí",4,3,"No"
61,"Masculino","Universitaria",1539.82,"Sí",11,0,"No"
33,"Femenino","Universitaria",2150.58,"No",2,1,"No"
68,"Femenino","Secundaria",2431.72,"No",5,2,"No"
20,"Femenino","Postgrado",1663.29,"No",2,1,"No"
49,"Femenino","Universitaria",1728.43,"Sí",8,1,"No"
38,"Masculino","Secundaria",2414.46,"No",6,1,"No"
56,"Femenino","Secundaria",1304.49,"Sí",12,3,"Sí"
20,"Masculino","Secundaria",1871.46,"Sí",4,3,"Sí"
27,"Masculino","Universitaria",1885.91,"No",2,2,"No"
38,"Femenino","Universitaria",1387.83,"Sí",8,1,"No"
59,"Masculino","Postgrado",1472.16,"Sí",5,2,"No"
24,"Femenino","Postgrado",1754.08,"No",7,2,"No"
36,"Femenino","Postgrado",1294.46,"Sí",5,2,"No"
46,"Femenino","Universitaria",1923.72,"Sí",2,2,"No"
62,"Masculino","Universitaria",979.22,"Sí",8,2,"No"
59,"Femenino","Secundaria",2300.47,"No",7,0,"No"
63,"Masculino","Universitaria",1624.62,"Sí",4,2,"No"
41,"Masculino","Postgrado",2639.15,"No",8,2,"No"
46,"Femenino","Universitaria",2341.03,"No",6,1,"No"
47,"Masculino","Postgrado",1590.29,"Sí",6,1,"No"
60,"Femenino","Secundaria",1721.99,"Sí",5,4,"Sí"
62,"Femenino","Postgrado",2487.51,"No",2,1,"No"
52,"Masculino","Universitaria",2588.37,"No",6,4,"Sí"
59,"Femenino","Postgrado",2381.37,"No",6,3,"Sí"
NA,"Masculino","Secundaria",2262.63,"Sí",3,2,"No"
51,"Masculino","Secundaria",574.99,"Sí",8,1,"No"
56,"Masculino","Universitaria",2095.52,"Sí",12,2,"No"
69,"Masculino","Secundaria",865.36,"Sí",4,5,"No"
38,"Masculino","Secundaria",2060.83,"Sí",3,0,"No"
60,"Masculino","Universitaria",1471.33,"Sí",6,1,"No"
60,"Femenino","Secundaria",1915.6,"No",4,2,"No"
43,"Masculino","Secundaria",1055.93,"No",9,2,"No"
50,"Masculino","Universitaria",1868.51,"No",6,0,"No"
23,"Masculino","Secundaria",3215.55,"No",8,2,"No"
40,"Femenino","Secundaria",3460.13,"Sí",6,2,"No"
59,"Masculino","Universitaria",500,"Sí",4,2,"No"
58,"Masculino","Secundaria",676.54,"Sí",2,0,"No"
61,"Masculino","Secundaria",863.32,"Sí",9,1,"No"
NA,"Femenino","Secundaria",978.96,"Sí",4,1,"No"
35,"Femenino","Universitaria",3663.28,"Sí",5,3,"Sí"
NA,"Masculino","Secundaria",2812.43,"Sí",2,2,"No"
38,"Masculino","Secundaria",1912.31,"No",3,5,"No"
50,"Masculino","Secundaria",2785.22,"No",7,3,"Sí"
28,"Femenino","Secundaria",3809.08,"No",4,2,"No"
57,"Femenino","Secundaria",2509.67,"No",3,4,"No"
62,"Masculino","Universitaria",3420.43,"Sí",7,1,"Sí"
31,"Masculino","Universitaria",1082,"Sí",3,1,"No"
19,"Femenino","Universitaria",1136.54,"No",7,2,"No"
55,"Masculino","Postgrado",2854.36,"No",5,2,"No"
62,"Masculino","Secundaria",2713.4,"No",8,1,"No"
52,"Masculino","Secundaria",2696.08,"Sí",2,2,"No"
45,"Femenino","Universitaria",2388.61,"No",8,4,"Sí"
62,"Masculino","Secundaria",1623.13,"No",5,1,"No"
33,"Femenino","Universitaria",2759.7,"Sí",5,1,"No"
68,"Masculino","Postgrado",3478.18,"Sí",4,1,"No"
33,"Femenino","Postgrado",2992.33,"Sí",5,1,"No"
62,"Masculino","Postgrado",895.35,"Sí",3,3,"No"
62,"Femenino","Postgrado",2379.74,"No",4,3,"No"
25,"Masculino","Universitaria",2009.88,"No",2,5,"No"
62,"Masculino","Postgrado",2069.68,"Sí",5,2,"No"
55,"Femenino","Universitaria",1854.11,"No",0,4,"No"
55,"Masculino","Universitaria",987.46,"Sí",9,4,"Sí"
25,"Masculino","Universitaria",2265.03,"No",7,2,"No"
NA,"Masculino","Secundaria",3081.38,"No",2,0,"No"
54,"Masculino","Universitaria",3309.25,"Sí",9,3,"Sí"
40,"Femenino","Secundaria",2383.95,"Sí",9,1,"No"
NA,"Femenino","Universitaria",1410.95,"No",8,1,"No"
27,"Masculino","Secundaria",1533.59,"Sí",4,1,"No"
28,"Femenino","Secundaria",1510.85,"Sí",5,0,"No"
44,"Femenino","Secundaria",2482.68,"No",4,2,"No"
40,"Masculino","Secundaria",1811.39,"No",5,3,"No"
50,"Masculino","Universitaria",4323.37,"Sí",7,0,"Sí"
39,"Femenino","Secundaria",1785.37,"No",6,2,"No"
32,"Masculino","Secundaria",2118.47,"Sí",3,1,"No"
NA,"Masculino","Secundaria",1834.56,"No",4,4,"No"
56,"Femenino","Universitaria",1485.95,"No",7,0,"No"
60,"Femenino","Secundaria",2678.06,"Sí",6,2,"Sí"
27,"Femenino","Universitaria",1577.94,"No",5,3,"No"
25,"Femenino","Universitaria",2001.9,"Sí",7,0,"No"
48,"Femenino","Secundaria",1774.5,"No",5,1,"No"
45,"Femenino","Universitaria",500,"Sí",7,2,"No"
52,"Femenino","Secundaria",2520.74,"Sí",4,2,"No"
62,"Masculino","Secundaria",2126.21,"No",8,0,"No"
37,"Femenino","Universitaria",1317.25,"Sí",7,2,"No"
65,"Femenino","Secundaria",3090.48,"Sí",4,0,"No"
25,"Masculino","Universitaria",989.68,"No",7,3,"No"
49,"Masculino","Universitaria",577.64,"Sí",6,1,"No"
20,"Femenino","Universitaria",1450.46,"No",4,2,"No"
NA,"Masculino","Postgrado",1052.53,"Sí",5,1,"No"
65,"Masculino","Postgrado",2631.74,"Sí",4,0,"No"
28,"Masculino","Universitaria",2068.77,"No",2,0,"No"
30,"Femenino","Postgrado",1703.95,"Sí",7,0,"No"
56,"Masculino","Secundaria",2007.47,"No",3,3,"No"
35,"Femenino","Universitaria",1239.15,"Sí",6,1,"No"
NA,"Femenino","Universitaria",2145.37,"Sí",4,2,"No"
38,"Femenino","Universitaria",2152.27,"No",1,0,"No"
22,"Masculino","Secundaria",1942.61,"Sí",5,1,"No"
NA,"Masculino","Universitaria",1997.72,"No",5,0,"No"
37,"Femenino","Postgrado",1113.42,"Sí",8,1,"No"
NA,"Masculino","Secundaria",2748.15,"Sí",2,3,"Sí"
56,"Masculino","Universitaria",811.33,"Sí",7,0,"No"
66,"Femenino","Postgrado",3782.83,"Sí",7,2,"Sí"
20,"Femenino","Universitaria",3299.31,"No",2,2,"No"
65,"Femenino","Universitaria",2415.81,"Sí",5,2,"No"
NA,"Masculino","Postgrado",918.38,"Sí",6,3,"Sí"
36,"Masculino","Postgrado",2340.9,"Sí",4,1,"No"
67,"Masculino","Universitaria",669.45,"Sí",3,1,"No"
NA,"Masculino","Postgrado",1784.05,"No",5,1,"No"
32,"Femenino","Universitaria",2632.63,"Sí",7,3,"Sí"
29,"Femenino","Secundaria",2672.49,"Sí",4,3,"Sí"
52,"Femenino","Secundaria",2026.38,"No",3,1,"No"
69,"Masculino","Secundaria",1809.47,"No",7,2,"No"
65,"Masculino","Secundaria",2210.84,"Sí",2,2,"No"
49,"Masculino","Postgrado",726.57,"Sí",6,2,"No"
59,"Femenino","Universitaria",1699.01,"Sí",5,4,"No"
51,"Masculino","Universitaria",3450.02,"Sí",2,2,"No"
NA,"Femenino","Universitaria",609.52,"No",3,1,"No"
18,"Masculino","Universitaria",3303.29,"Sí",8,4,"Sí"
30,"Femenino","Postgrado",2422.48,"Sí",7,2,"No"
NA,"Masculino","Secundaria",1711.64,"No",7,0,"No"
28,"Femenino","Secundaria",3790.09,"Sí",3,3,"No"
NA,"Masculino","Secundaria",1967.84,"No",6,3,"Sí"
NA,"Masculino","Secundaria",3515.3,"Sí",6,1,"Sí"
54,"Masculino","Secundaria",2019.84,"Sí",8,3,"Sí"
51,"Masculino","Secundaria",2442.74,"No",7,2,"No"
32,"Masculino","Postgrado",1540.52,"Sí",7,2,"No"
54,"Masculino","Secundaria",1257.33,"Sí",4,2,"No"
31,"Masculino","Secundaria",500,"Sí",3,1,"No"
54,"Masculino","Secundaria",1502.35,"Sí",6,4,"Sí"
43,"Masculino","Universitaria",2581.72,"Sí",2,3,"Sí"
66,"Femenino","Secundaria",1118.25,"No",4,3,"No"
45,"Femenino","Postgrado",1072.43,"No",5,0,"No"
35,"Masculino","Universitaria",1648.88,"Sí",3,1,"No"
34,"Femenino","Postgrado",2127.31,"No",12,2,"No"
67,"Femenino","Secundaria",1604.32,"Sí",1,3,"No"
56,"Femenino","Universitaria",2969.89,"Sí",6,2,"Sí"
62,"Masculino","Universitaria",2234.11,"Sí",3,4,"Sí"
51,"Femenino","Postgrado",1971.17,"Sí",2,2,"No"
29,"Femenino","Secundaria",1117.91,"Sí",6,1,"No"
47,"Femenino","Secundaria",1251.49,"No",4,2,"No"
52,"Masculino","Universitaria",2368.67,"Sí",5,4,"Sí"
37,"Femenino","Secundaria",1734.11,"Sí",5,2,"No"
NA,"Masculino","Secundaria",2884.93,"Sí",3,0,"No"
42,"Femenino","Universitaria",693.05,"Sí",6,1,"No"
25,"Masculino","Universitaria",2268.15,"No",5,1,"No"
37,"Femenino","Postgrado",1580.27,"Sí",4,3,"No"
45,"Masculino","Universitaria",3170.7,"No",1,2,"No"
63,"Masculino","Secundaria",2341.74,"Sí",9,1,"No"
50,"Masculino","Universitaria",1179.9,"No",7,0,"No"
63,"Femenino","Secundaria",953.55,"Sí",6,3,"Sí"
38,"Femenino","Universitaria",2183.68,"No",3,2,"No"
67,"Masculino","Postgrado",1754.38,"No",5,1,"No"
51,"Masculino","Secundaria",1932.93,"Sí",5,0,"No"
22,"Masculino","Secundaria",1867.41,"Sí",2,2,"No"
59,"Masculino","Secundaria",2524.01,"Sí",6,1,"No"
29,"Masculino","Secundaria",1140.13,"Sí",5,2,"No"
NA,"Masculino","Postgrado",4776.73,"No",3,1,"No"
35,"Femenino","Postgrado",2235.26,"No",0,6,"No"
67,"Masculino","Secundaria",1570.9,"Sí",8,3,"Sí"
67,"Masculino","Secundaria",1884.18,"Sí",4,2,"No"
64,"Femenino","Secundaria",2433.7,"Sí",6,1,"No"
18,"Femenino","Secundaria",2507.34,"Sí",3,0,"No"
25,"Femenino","Postgrado",580.12,"Sí",6,4,"Sí"
68,"Masculino","Universitaria",500,"Sí",6,1,"No"
57,"Masculino","Postgrado",1928.07,"Sí",7,1,"No"
47,"Femenino","Secundaria",2669.44,"Sí",6,1,"No"
37,"Masculino","Universitaria",2132.99,"Sí",7,1,"No"
68,"Masculino","Universitaria",2820.42,"No",3,3,"Sí"
51,"Femenino","Postgrado",2322.55,"Sí",6,1,"No"
38,"Femenino","Universitaria",2329.27,"Sí",3,0,"No"
69,"Femenino","Secundaria",3344.15,"Sí",11,4,"Sí"
36,"Femenino","Universitaria",1150.31,"Sí",6,1,"Sí"
60,"Femenino","Postgrado",1367.01,"Sí",4,0,"No"
64,"Femenino","Universitaria",2310.81,"Sí",3,3,"Sí"
NA,"Femenino","Universitaria",2203.2,"Sí",9,3,"Sí"
57,"Femenino","Secundaria",500,"Sí",2,1,"No"
41,"Femenino","Postgrado",2430.24,"Sí",2,3,"No"
59,"Masculino","Universitaria",968.09,"Sí",3,2,"No"
46,"Masculino","Universitaria",1019.56,"No",4,1,"No"
51,"Masculino","Universitaria",3381.69,"No",6,2,"No"
39,"Femenino","Secundaria",2928.29,"No",4,0,"No"
21,"Femenino","Universitaria",1401.47,"Sí",5,2,"No"
40,"Masculino","Secundaria",3333.34,"Sí",3,3,"Sí"
34,"Masculino","Secundaria",1576.24,"Sí",0,3,"Sí"
61,"Femenino","Secundaria",2822.92,"Sí",5,1,"No"
37,"Femenino","Secundaria",3101.37,"Sí",2,1,"No"
68,"Femenino","Secundaria",3064.8,"Sí",6,1,"No"
NA,"Femenino","Secundaria",3003.72,"Sí",7,3,"Sí"
26,"Masculino","Secundaria",1770.13,"Sí",3,1,"No"
36,"Masculino","Universitaria",1562.61,"Sí",6,5,"No"
38,"Masculino","Universitaria",3003.14,"Sí",6,1,"No"
60,"Femenino","Secundaria",1942.62,"Sí",3,0,"No"
60,"Masculino","Postgrado",1454.05,"Sí",6,5,"Sí"
61,"Masculino","Postgrado",1180,"No",7,5,"No"
34,"Femenino","Universitaria",3041.26,"No",5,3,"Sí"
51,"Femenino","Universitaria",2606.45,"No",5,0,"No"
69,"Masculino","Secundaria",3183.69,"No",3,2,"No"
24,"Masculino","Secundaria",1504.35,"Sí",5,2,"No"
66,"Femenino","Universitaria",2207.75,"Sí",3,1,"No"
21,"Femenino","Postgrado",1130.78,"Sí",2,6,"Sí"
62,"Masculino","Universitaria",2068.98,"Sí",3,3,"No"
68,"Femenino","Secundaria",1323.04,"Sí",1,1,"No"
18,"Masculino","Universitaria",2311.12,"Sí",6,1,"Sí"
45,"Masculino","Postgrado",1969.89,"No",3,1,"No"
34,"Masculino","Universitaria",3156.48,"No",9,2,"No"
53,"Masculino","Postgrado",2253.78,"Sí",10,4,"No"
51,"Femenino","Secundaria",1676.82,"Sí",4,4,"No"
44,"Masculino","Universitaria",607.81,"Sí",4,0,"No"
46,"Femenino","Universitaria",1637.74,"Sí",8,1,"No"
43,"Masculino","Secundaria",1531.13,"Sí",4,1,"No"
38,"Masculino","Universitaria",2918.34,"No",3,2,"No"
57,"Masculino","Universitaria",2365.89,"No",4,2,"No"
52,"Masculino","Secundaria",1529.75,"Sí",4,1,"No"
30,"Femenino","Universitaria",2182.33,"No",5,2,"No"
51,"Masculino","Universitaria",2107.32,"Sí",5,1,"No"
53,"Femenino","Postgrado",2263.46,"Sí",5,0,"No"
58,"Masculino","Universitaria",1761.99,"Sí",4,2,"No"
60,"Femenino","Secundaria",2947.99,"No",7,1,"No"
45,"Masculino","Universitaria",3047.63,"No",5,2,"No"
27,"Masculino","Secundaria",1063.64,"No",6,3,"No"
49,"Masculino","Postgrado",2796.9,"No",7,3,"Sí"
63,"Masculino","Secundaria",1402.4,"Sí",11,2,"No"
44,"Masculino","Universitaria",2177.49,"Sí",7,3,"Sí"
50,"Femenino","Universitaria",2800.76,"Sí",10,1,"Sí"
18,"Femenino","Universitaria",2395.31,"Sí",7,3,"Sí"
31,"Femenino","Universitaria",1993.24,"Sí",8,2,"No"
NA,"Masculino","Universitaria",2076.91,"No",2,3,"No"
49,"Masculino","Secundaria",3800.56,"No",1,1,"No"
45,"Femenino","Secundaria",3149.31,"Sí",4,4,"Sí"
60,"Masculino","Secundaria",2008.33,"Sí",9,2,"No"
49,"Femenino","Universitaria",1743.37,"No",4,2,"No"
58,"Femenino","Universitaria",3473.34,"Sí",5,0,"No"
47,"Masculino","Universitaria",2071.94,"No",6,3,"No"
NA,"Femenino","Secundaria",2322.23,"Sí",7,4,"Sí"
54,"Masculino","Universitaria",3047.51,"No",2,1,"No"
NA,"Masculino","Universitaria",1509.4,"No",3,2,"No"
58,"Femenino","Postgrado",1651.62,"No",3,2,"No"
52,"Masculino","Universitaria",1694.32,"No",7,2,"No"
41,"Masculino","Postgrado",2137.06,"Sí",6,3,"Sí"
61,"Masculino","Secundaria",500,"Sí",9,0,"No"
51,"Masculino","Universitaria",1665.46,"Sí",7,1,"No"
41,"Masculino","Universitaria",2565.76,"Sí",5,0,"No"
45,"Masculino","Secundaria",2249.45,"Sí",5,1,"No"
65,"Masculino","Secundaria",2280.51,"No",4,2,"No"
35,"Femenino","Universitaria",730.51,"No",9,2,"No"
47,"Femenino","Secundaria",2173.22,"Sí",6,1,"No"
39,"Masculino","Postgrado",1908.2,"No",1,4,"No"
43,"Masculino","Universitaria",2016.27,"Sí",6,3,"Sí"
66,"Masculino","Secundaria",2714.23,"No",5,0,"No"
37,"Masculino","Secundaria",3158.47,"No",5,3,"Sí"
48,"Masculino","Universitaria",1798.38,"Sí",5,1,"No"
57,"Masculino","Universitaria",1522.02,"No",1,0,"No"
47,"Masculino","Universitaria",1801.81,"Sí",3,2,"No"
25,"Masculino","Secundaria",2619.49,"Sí",6,2,"No"
68,"Femenino","Universitaria",1905.13,"Sí",4,2,"No"
64,"Femenino","Universitaria",1665.93,"Sí",5,5,"No"
42,"Masculino","Secundaria",1958.06,"Sí",5,0,"No"
55,"Masculino","Secundaria",3083.16,"No",6,3,"Sí"
NA,"Femenino","Secundaria",1263.48,"Sí",8,1,"No"
18,"Masculino","Postgrado",1751.38,"No",6,3,"No"
47,"Masculino","Universitaria",1155.36,"No",5,0,"No"
64,"Masculino","Secundaria",3791,"Sí",5,1,"No"
21,"Masculino","Universitaria",1621.55,"Sí",6,2,"No"
45,"Femenino","Universitaria",2724.84,"Sí",7,3,"Sí"
58,"Femenino","Postgrado",2030.33,"No",3,4,"No"
50,"Masculino","Postgrado",1859.71,"Sí",5,0,"No"
60,"Masculino","Universitaria",1710.71,"Sí",4,2,"No"
23,"Masculino","Postgrado",1357.1,"Sí",6,1,"No"
37,"Femenino","Postgrado",3073.26,"Sí",5,2,"No"
31,"Masculino","Secundaria",2500.74,"No",1,1,"No"
26,"Femenino","Secundaria",2024.9,"No",5,6,"No"
45,"Masculino","Postgrado",1124.07,"Sí",7,4,"Sí"
48,"Masculino","Postgrado",1610.87,"Sí",6,1,"No"
41,"Masculino","Secundaria",2762.47,"No",5,1,"No"
23,"Masculino","Postgrado",1204.39,"No",4,2,"No"
61,"Femenino","Secundaria",1542.5,"No",8,1,"No"
39,"Masculino","Postgrado",2626.54,"Sí",7,1,"Sí"
66,"Femenino","Postgrado",2305.09,"Sí",0,1,"No"
28,"Masculino","Postgrado",1519.95,"Sí",5,1,"No"
26,"Masculino","Universitaria",3322.09,"Sí",10,2,"Sí"
35,"Masculino","Secundaria",1047.39,"Sí",2,3,"No"
60,"Masculino","Secundaria",3132.54,"No",5,3,"Sí"
36,"Femenino","Secundaria",2651.34,"Sí",6,1,"No"
NA,"Masculino","Postgrado",500,"No",9,0,"No"
60,"Femenino","Universitaria",2256.13,"Sí",2,3,"Sí"
66,"Masculino","Secundaria",2640.82,"Sí",6,2,"Sí"
66,"Masculino","Universitaria",1366.66,"Sí",3,1,"No"
57,"Femenino","Secundaria",1991.47,"Sí",7,4,"Sí"
28,"Masculino","Universitaria",701.19,"Sí",5,2,"No"
67,"Femenino","Postgrado",1273.95,"Sí",8,1,"No"
50,"Masculino","Secundaria",2109.41,"Sí",2,1,"No"
55,"Masculino","Secundaria",2216.95,"Sí",3,1,"No"
51,"Femenino","Universitaria",1941.07,"Sí",5,1,"No"
63,"Femenino","Secundaria",1380.46,"Sí",6,3,"Sí"
54,"Femenino","Secundaria",2475.05,"Sí",5,2,"No"
18,"Masculino","Secundaria",3062,"No",5,3,"Sí"
47,"Masculino","Universitaria",1519.33,"No",5,0,"No"
35,"Femenino","Universitaria",2045.21,"Sí",3,0,"No"
NA,"Masculino","Secundaria",1575.14,"Sí",3,1,"No"
32,"Masculino","Secundaria",1935.28,"Sí",1,5,"Sí"
24,"Masculino","Postgrado",2128.6,"No",6,2,"No"
31,"Femenino","Postgrado",1918.29,"No",6,2,"No"
27,"Femenino","Universitaria",1716.2,"Sí",7,1,"No"
52,"Femenino","Universitaria",1623.02,"Sí",6,5,"Sí"
24,"Masculino","Postgrado",2027.24,"No",4,3,"No"
NA,"Femenino","Universitaria",1839.42,"Sí",5,1,"No"
41,"Masculino","Universitaria",1564.44,"Sí",6,1,"No"
55,"Masculino","Secundaria",2301.89,"Sí",4,2,"No"
22,"Femenino","Secundaria",2322.98,"Sí",3,1,"No"
NA,"Masculino","Secundaria",2136.19,"No",4,2,"No"
67,"Femenino","Postgrado",1119.14,"No",5,2,"No"
58,"Masculino","Universitaria",2321.98,"Sí",5,5,"No"
52,"Masculino","Secundaria",2340.65,"Sí",7,1,"No"
20,"Masculino","Universitaria",1773.5,"No",6,1,"No"
26,"Masculino","Postgrado",2442.91,"Sí",5,1,"No"
62,"Femenino","Secundaria",3011.48,"Sí",8,3,"Sí"
44,"Masculino","Universitaria",2262.24,"Sí",5,2,"No"
46,"Femenino","Universitaria",2612.09,"Sí",6,0,"No"
44,"Masculino","Secundaria",3026.06,"Sí",8,3,"Sí"
56,"Femenino","Secundaria",3327.11,"No",6,2,"No"
59,"Masculino","Postgrado",1615.42,"No",3,0,"No"
34,"Femenino","Secundaria",1673.73,"Sí",7,4,"Sí"
51,"Femenino","Universitaria",1736.86,"Sí",7,3,"Sí"
37,"Femenino","Postgrado",2880.86,"Sí",4,5,"Sí"
66,"Femenino","Postgrado",2465.37,"No",5,4,"No"
NA,"Masculino","Secundaria",2766.22,"Sí",4,1,"No"
NA,"Masculino","Universitaria",2241.14,"No",3,1,"No"
41,"Masculino","Universitaria",1769.23,"Sí",7,1,"No"
41,"Masculino","Universitaria",835.08,"Sí",5,0,"No"
55,"Femenino","Secundaria",636.28,"No",6,3,"No"
47,"Femenino","Postgrado",3608.98,"Sí",4,0,"No"
39,"Femenino","Secundaria",2003.17,"Sí",4,0,"No"
47,"Masculino","Secundaria",2446.58,"No",6,0,"No"
68,"Masculino","Postgrado",2555.59,"Sí",6,0,"No"
27,"Masculino","Secundaria",3157.06,"Sí",6,2,"Sí"
65,"Masculino","Secundaria",2506.77,"Sí",8,2,"No"
NA,"Femenino","Postgrado",2021.1,"Sí",1,3,"Sí"
NA,"Masculino","Universitaria",2594.3,"Sí",5,1,"No"
24,"Masculino","Secundaria",2277.84,"Sí",9,4,"Sí"
42,"Femenino","Secundaria",1497.08,"No",5,3,"No"
41,"Femenino","Secundaria",2766.79,"Sí",1,2,"No"
19,"Femenino","Universitaria",2131.55,"Sí",7,3,"Sí"
53,"Femenino","Universitaria",1972.24,"No",6,3,"Sí"
69,"Femenino","Universitaria",1263.4,"Sí",8,8,"Sí"
25,"Femenino","Universitaria",2918.44,"Sí",3,1,"No"
64,"Femenino","Secundaria",1688.1,"Sí",4,1,"No"
31,"Femenino","Secundaria",1920.59,"Sí",7,1,"No"
34,"Femenino","Universitaria",1977.63,"Sí",8,1,"No"
54,"Masculino","Universitaria",1954.41,"Sí",6,2,"No"
NA,"Femenino","Postgrado",2444.53,"No",7,1,"No"
34,"Femenino","Universitaria",2721.54,"Sí",8,2,"Sí"
33,"Masculino","Universitaria",2429.3,"Sí",6,1,"No"
49,"Masculino","Secundaria",823.05,"Sí",4,0,"No"
69,"Femenino","Universitaria",500,"Sí",8,3,"Sí"
42,"Femenino","Postgrado",1707.99,"No",1,3,"No"
55,"Masculino","Universitaria",1854.99,"Sí",5,0,"No"
20,"Masculino","Secundaria",1880.75,"Sí",4,1,"No"
31,"Femenino","Universitaria",885.83,"Sí",4,2,"No"
26,"Femenino","Postgrado",1456.51,"Sí",5,2,"No"
61,"Masculino","Secundaria",544.71,"Sí",5,3,"No"
26,"Masculino","Secundaria",4111.19,"Sí",8,1,"Sí"
41,"Femenino","Universitaria",2437.29,"No",5,4,"No"
63,"Masculino","Secundaria",1995.08,"Sí",2,3,"Sí"
20,"Masculino","Secundaria",500,"Sí",6,1,"No"
53,"Masculino","Secundaria",1786.57,"No",4,1,"No"
52,"Femenino","Universitaria",2656.34,"No",6,1,"No"
56,"Femenino","Secundaria",2622.55,"No",4,0,"No"
50,"Masculino","Secundaria",2363.27,"Sí",1,4,"Sí"
54,"Femenino","Universitaria",3128.04,"No",9,2,"No"
NA,"Masculino","Secundaria",551.15,"Sí",3,1,"No"
21,"Masculino","Secundaria",1118.04,"Sí",2,0,"No"
46,"Masculino","Secundaria",1984.67,"Sí",5,0,"No"
44,"Masculino","Universitaria",2119.44,"Sí",7,2,"No"
25,"Masculino","Universitaria",1574.05,"Sí",0,2,"No"
61,"Femenino","Universitaria",2958.28,"No",8,2,"No"
61,"Femenino","Universitaria",500,"Sí",4,0,"No"
29,"Masculino","Secundaria",1188.55,"No",5,7,"No"
64,"Femenino","Postgrado",3283.13,"Sí",2,1,"No"
26,"Femenino","Secundaria",2713.88,"No",7,3,"No"
41,"Femenino","Postgrado",785.84,"No",6,1,"No"
20,"Femenino","Universitaria",2658.82,"Sí",6,0,"No"
20,"Femenino","Secundaria",2292.45,"No",6,1,"No"
43,"Masculino","Postgrado",935.26,"No",3,2,"No"
58,"Femenino","Postgrado",2287.66,"No",1,1,"No"
24,"Masculino","Universitaria",2714.4,"Sí",3,2,"No"
44,"Femenino","Universitaria",1203.92,"No",6,4,"Sí"
40,"Femenino","Universitaria",2415.74,"No",1,2,"No"
61,"Femenino","Secundaria",1011.41,"No",4,1,"No"
62,"Femenino","Secundaria",2423.78,"Sí",9,0,"No"
66,"Masculino","Universitaria",1213.57,"No",13,5,"No"
49,"Femenino","Secundaria",1699.4,"Sí",8,5,"Sí"
32,"Masculino","Universitaria",1166.61,"Sí",3,4,"No"
64,"Masculino","Secundaria",2558.13,"Sí",8,3,"Sí"
37,"Masculino","Secundaria",1884.44,"No",5,1,"No"
52,"Masculino","Universitaria",2398.83,"Sí",5,1,"No"
44,"Femenino","Secundaria",2493.87,"Sí",6,0,"No"
62,"Masculino","Universitaria",1996.37,"Sí",4,0,"No"
36,"Masculino","Universitaria",1926.99,"No",2,1,"No"
19,"Masculino","Universitaria",2319.97,"No",2,2,"No"
NA,"Femenino","Universitaria",2471.12,"Sí",5,2,"No"
54,"Masculino","Secundaria",1986.5,"No",4,0,"No"
58,"Masculino","Postgrado",2334.96,"Sí",1,2,"No"
67,"Masculino","Secundaria",2640.58,"Sí",3,0,"No"
50,"Femenino","Postgrado",2543.91,"No",6,3,"Sí"
21,"Masculino","Universitaria",3047.73,"No",2,3,"No"
35,"Femenino","Secundaria",500,"Sí",9,1,"No"
54,"Femenino","Secundaria",2275.93,"Sí",6,3,"Sí"
52,"Femenino","Universitaria",2123.81,"No",7,3,"No"
59,"Masculino","Secundaria",1386.85,"Sí",4,1,"No"
42,"Femenino","Secundaria",1397.67,"No",7,1,"No"
56,"Masculino","Secundaria",2419.42,"No",6,0,"No"
31,"Masculino","Secundaria",1715.66,"No",2,2,"No"
44,"Femenino","Secundaria",1791.79,"Sí",3,0,"No"
27,"Femenino","Universitaria",2405.77,"Sí",5,2,"No"
40,"Masculino","Postgrado",2914.56,"No",10,0,"No"
27,"Femenino","Universitaria",3653.45,"Sí",0,4,"Sí"
38,"Femenino","Secundaria",2615.89,"No",12,1,"No"
58,"Masculino","Postgrado",3601.6,"No",5,2,"No"
NA,"Femenino","Postgrado",3017.3,"Sí",9,1,"No"
NA,"Femenino","Postgrado",2266.82,"Sí",4,1,"No"
69,"Femenino","Secundaria",2203.26,"Sí",5,2,"No"
45,"Masculino","Universitaria",3544.73,"No",5,7,"No"
25,"Femenino","Postgrado",1189.66,"No",6,1,"No"
NA,"Masculino","Universitaria",2051.56,"No",4,0,"No"
43,"Femenino","Secundaria",2153.9,"No",2,3,"No"
41,"Femenino","Secundaria",500,"No",2,2,"No"
54,"Femenino","Postgrado",1718.59,"Sí",2,4,"Sí"
36,"Masculino","Secundaria",2277.27,"Sí",5,1,"No"
37,"Masculino","Universitaria",500,"No",4,1,"No"
NA,"Femenino","Secundaria",2294.3,"Sí",5,3,"Sí"
44,"Masculino","Universitaria",1771.61,"Sí",9,0,"No"
NA,"Femenino","Universitaria",2354.19,"No",5,3,"No"
NA,"Masculino","Postgrado",2574.14,"Sí",4,0,"Sí"
59,"Masculino","Postgrado",3139.12,"No",5,3,"No"
61,"Masculino","Postgrado",651.69,"Sí",7,3,"Sí"
21,"Femenino","Secundaria",2033.38,"Sí",5,0,"No"
48,"Masculino","Universitaria",1493.64,"No",5,0,"No"
69,"Masculino","Secundaria",2024.08,"Sí",3,3,"No"
52,"Masculino","Postgrado",1896.69,"No",4,4,"No"
18,"Femenino","Secundaria",1059.28,"Sí",2,6,"Sí"
65,"Femenino","Secundaria",554.54,"Sí",5,2,"No"
22,"Femenino","Universitaria",3696.25,"Sí",4,1,"No"
68,"Masculino","Postgrado",940.48,"No",5,3,"No"
34,"Masculino","Secundaria",2220.02,"Sí",5,0,"No"
60,"Femenino","Universitaria",1112.91,"Sí",8,1,"No"
18,"Masculino","Secundaria",3206.19,"No",7,0,"No"
41,"Masculino","Secundaria",586.16,"No",2,1,"No"
50,"Masculino","Universitaria",1289.13,"No",5,0,"No"
35,"Masculino","Universitaria",1024.76,"Sí",5,2,"No"
20,"Femenino","Secundaria",2040.23,"Sí",2,3,"No"
22,"Masculino","Universitaria",1607.35,"Sí",5,2,"No"
56,"Femenino","Universitaria",3908.05,"Sí",4,2,"No"
23,"Femenino","Secundaria",1996.49,"No",5,3,"No"
33,"Masculino","Postgrado",3065.35,"Sí",4,0,"No"
30,"Femenino","Postgrado",2656.65,"Sí",3,2,"No"
50,"Femenino","Universitaria",2548.54,"Sí",7,4,"Sí"
NA,"Masculino","Universitaria",2412.7,"Sí",7,2,"No"
NA,"Masculino","Universitaria",2219.04,"Sí",5,3,"Sí"
27,"Femenino","Universitaria",1429.33,"No",2,5,"No"
31,"Femenino","Universitaria",1725.56,"Sí",7,1,"No"
59,"Masculino","Universitaria",2375.18,"No",7,3,"No"
51,"Masculino","Secundaria",500,"No",6,4,"No"
NA,"Masculino","Universitaria",515.65,"Sí",1,0,"No"
58,"Masculino","Universitaria",1663.59,"Sí",2,2,"No"
34,"Masculino","Secundaria",507.17,"No",9,3,"No"
19,"Masculino","Universitaria",2090.8,"Sí",8,0,"No"
32,"Femenino","Secundaria",2376.01,"Sí",6,1,"No"
NA,"Femenino","Universitaria",2707.68,"Sí",4,1,"No"
NA,"Femenino","Secundaria",2890.89,"Sí",5,2,"No"
57,"Femenino","Postgrado",2453.48,"Sí",8,2,"No"
20,"Femenino","Secundaria",2436.82,"Sí",1,4,"No"
51,"Masculino","Secundaria",2191.87,"Sí",6,1,"No"
66,"Masculino","Universitaria",2027.31,"Sí",5,5,"No"
20,"Masculino","Secundaria",1353.53,"Sí",6,0,"No"
NA,"Femenino","Secundaria",3782.11,"Sí",3,0,"No"
54,"Femenino","Universitaria",1365.98,"Sí",6,1,"Sí"
39,"Masculino","Secundaria",3357.82,"No",8,0,"No"
50,"Masculino","Universitaria",2751.14,"No",3,0,"No"
NA,"Femenino","Universitaria",3628.24,"Sí",2,2,"Sí"
31,"Masculino","Universitaria",2585.3,"No",6,2,"No"
NA,"Masculino","Universitaria",1664.12,"Sí",2,1,"No"
33,"Masculino","Secundaria",1752.21,"Sí",7,2,"No"
27,"Femenino","Universitaria",911.46,"No",4,1,"No"
44,"Masculino","Universitaria",2830.17,"No",3,1,"No"
25,"Femenino","Postgrado",2036.97,"Sí",5,4,"No"
NA,"Femenino","Universitaria",1953.78,"No",3,4,"No"
26,"Masculino","Universitaria",2061.39,"Sí",4,1,"No"
52,"Femenino","Postgrado",1493.09,"No",8,1,"No"
51,"Masculino","Secundaria",1661.27,"No",4,0,"No"
55,"Masculino","Universitaria",2621.35,"Sí",7,3,"Sí"
51,"Femenino","Postgrado",3048.73,"Sí",4,1,"No"
65,"Femenino","Universitaria",2046.64,"No",9,2,"No"
47,"Femenino","Secundaria",2196.32,"No",4,3,"No"
42,"Femenino","Universitaria",2185.86,"No",5,3,"Sí"
47,"Femenino","Secundaria",2151.02,"No",3,2,"No"
26,"Masculino","Universitaria",1806.55,"Sí",10,3,"Sí"
54,"Femenino","Secundaria",2457.71,"No",4,3,"No"
34,"Masculino","Postgrado",2564.63,"Sí",3,2,"No"
61,"Masculino","Postgrado",2163.92,"Sí",7,0,"No"
37,"Femenino","Universitaria",2441.68,"Sí",9,1,"No"
53,"Masculino","Secundaria",1544.9,"No",10,2,"No"
55,"Femenino","Secundaria",2154.17,"No",4,2,"No"
